;MESSAGE;CATEGORY_ID
0;where can i watch the gp;0
9;can someone give me a link thx;0
10;anyone have a link for the 100 series by bgdc race?;0
11;anyone have a link for the rally targa florio race?;0
12;anyone have a link for the rallye tierras altas de lorca race?;0
13;anyone have a link for the 1600 challenge race?;0
14;anyone have a link for the 1.6 turbo cup race?;0
1110;anyone have a link for the wild west modified tour race?;0
1111;anyone have a link for the winter freeze race?;0
1112;anyone have a link for the wec race?;0
1113;anyone have a link for the world endurance championship race?;0
1114;anyone have a link for the world of outlaws late model series race?;0
1115;anyone have a link for the world of outlaws sprint car series race?;0
1116;anyone have a link for the world of outlaws sprint car series/dirtcar nationals race?;0
1117;anyone have a link for the world racing league race?;0
1118;anyone have a link for the wrc race?;0
1119;anyone have a link for the world rally championship race?;0
1120;anyone have a link for the wrx race?;0
1121;anyone have a link for the rallycross race?;0
1122;anyone have a link for the worldrx race?;0
1123;anyone have a link for the world rallycross championship race?;0
1124;anyone have a link for the world series of asphalt race?;0
1125;anyone have a link for the wtcc race?;0
1126;anyone have a link for the wtcr race?;0
1127;anyone have a link for the world touring car cup race?;0
1128;anyone have a link for the w series race?;0
1129;anyone have a link for the wsmp - d4 3500 / d4 +3500 / gtc / d5 2000 race?;0
1130;anyone have a link for the x games 2021 race?;0
1131;anyone have a link for the xii subida estepona - peñas blancas race?;0
1132;anyone have a link for the xlr8 experience racing race?;0
1133;anyone have a link for the xtreme dirtcar series race?;0
1134;anyone have a link for the yamalube r3 blu cru cup race?;0
1135;anyone have a link for the yamalube r3 blu cru talent cup race?;0
1136;anyone have a link for the youngtimer touring car challenge danmark race?;0
1137;anyone have a link for the youngtimer trophy race?;0
1138;anyone have a link for the zeo prototype cup race?;0
1139;anyone have a link for the zhuhai motorsports association club race?;0
1140;anyone have a link for the zonal cuyano race?;0
1141;anyone have a link for the zonal del atlántico race?;0
1142;anyone have a link for the zx10 masters cup race?;0
1143;where can i find stream for 100 series by bgdc?;0
1144;where can i find stream for rally targa florio?;0
1145;where can i find stream for rallye tierras altas de lorca?;0